Paper ID,Conference,Rationale,publishable
Advancements in Audio-Visual Active Speaker Detection: A Novel Approach for the ActivityNet Chall,EMNLP,"This paper contributes to EMNLP’s focus on advancing natural language processing through empirical research. By presenting new methodologies or improving state-of-the-art performance in tasks like text generation, sentiment analysis, or machine translation, the paper aligns closely with the conference’s goals. Its emphasis on data-driven approaches and deep learning techniques ensures relevance to the EMNLP audience, which values practical advancements in computational linguistics.",1
Utilizing Graph Neural Networks to Analyze Espresso Foam Dynamics: A Multi-Scale Approach to Caffeine Disper,,,0
Investigating Humanoid Robot Interaction in Corporate Settings: A BERT-Based Study of Humor-Driven Employee Dyna,,,0
The Significance of Fillers in Textual Representations of Speech Transcr,EMNLP,"This paper contributes to EMNLP’s focus on advancing natural language processing through empirical research. By presenting new methodologies or improving state-of-the-art performance in tasks like text generation, sentiment analysis, or machine translation, the paper aligns closely with the conference’s goals. Its emphasis on data-driven approaches and deep learning techniques ensures relevance to the EMNLP audience, which values practical advancements in computational linguistics.",1
Improving Model Generalization Using a Single Data Sample for Semantic Adapta,TMLR,"This paper supports TMLR’s mission of publishing rigorous theoretical research in machine learning. By contributing to foundational areas like optimization, generalization, or probabilistic methods, the work aligns with the conference’s focus on advancing the theoretical understanding of machine learning. Its emphasis on robust analysis and innovative frameworks ensures that it provides value to the TMLR audience, which prioritizes high-quality and impactful research.",1
RAG Optimization via Galactic Kitten Dynamics and Fractal Botany in a Quantum Flux Capac,,,0
Harnessing Astronomical Data for Automated Creative Text Generation: An LSTM-Based Model for Space-Infused Language T,,,0
Profound Impact on Gravity on the Surface of a Fractal ,,,0
Entropy Dynamics in Turbulent Flumplenook Systems with Periodic Fluctuat,,,0
Aerodynamic Navigation on the Cognitive Development of Subterranean Mole ,,,0
Analyzing Fermentation Patterns with Multi-Modal Transformers: A Novel Framework for Improved Bread-Baking Outc,,,0
Microprocessor Architectures and their Intersection with Subatomic Particle Physiog,,,0
Designing Data Markets Using Deep Learning Techn,TMLR,"This paper supports TMLR’s mission of publishing rigorous theoretical research in machine learning. By contributing to foundational areas like optimization, generalization, or probabilistic methods, the work aligns with the conference’s focus on advancing the theoretical understanding of machine learning. Its emphasis on robust analysis and innovative frameworks ensures that it provides value to the TMLR audience, which prioritizes high-quality and impactful research.",1
"An Empirical Study of the ""Hard-Won Lesson"": Two Decades of Research Insi",NeurIPS,"NeurIPS is a leading venue for groundbreaking advancements in machine learning and artificial intelligence, and this paper directly contributes to its mission by presenting innovative techniques in neural networks, probabilistic models, or optimization. The research advances theoretical understanding and practical applications, addressing challenges in large-scale AI systems or interdisciplinary applications. The paper’s focus on improving model performance and scalability resonates strongly with the NeurIPS community.",1
Interpreting Recurrent and Attention-Based Neural Models: a Case Study on Natural Language Infer,EMNLP,"This paper contributes to EMNLP’s focus on advancing natural language processing through empirical research. By presenting new methodologies or improving state-of-the-art performance in tasks like text generation, sentiment analysis, or machine translation, the paper aligns closely with the conference’s goals. Its emphasis on data-driven approaches and deep learning techniques ensures relevance to the EMNLP audience, which values practical advancements in computational linguistics.",1
Disparate Citation Patterns Between Chinese and American Research Communities at a Unified V,EMNLP,"This paper contributes to EMNLP’s focus on advancing natural language processing through empirical research. By presenting new methodologies or improving state-of-the-art performance in tasks like text generation, sentiment analysis, or machine translation, the paper aligns closely with the conference’s goals. Its emphasis on data-driven approaches and deep learning techniques ensures relevance to the EMNLP audience, which values practical advancements in computational linguistics.",1
Engine Performance and its Implications for Manufacture of Polyester S,,,0
A PyTorch-Based Approach for Variational Learning with Disentangle,TMLR,"This paper supports TMLR’s mission of publishing rigorous theoretical research in machine learning. By contributing to foundational areas like optimization, generalization, or probabilistic methods, the work aligns with the conference’s focus on advancing the theoretical understanding of machine learning. Its emphasis on robust analysis and innovative frameworks ensures that it provides value to the TMLR audience, which prioritizes high-quality and impactful research.",1
Enhanced Image Compression Through Advanced Residual Network Architect,CVPR,"This paper aligns with CVPRs mission of advancing research in computer vision through innovative methodologies and real-world applications. The papers contributions, which address challenges in image processing, object detection, and related machine learning techniques, are relevant to CVPR’s focus areas. By tackling problems central to autonomous systems, medical imaging, or augmented reality, this work provides valuable insights that align with the interests of the CVPR community.",1
A Reverse Hierarchy Model for Predicting Eye Fixat,CVPR,"This paper aligns with CVPRs mission of advancing research in computer vision through innovative methodologies and real-world applications. The papers contributions, which address challenges in image processing, object detection, and related machine learning techniques, are relevant to CVPR’s focus areas. By tackling problems central to autonomous systems, medical imaging, or augmented reality, this work provides valuable insights that align with the interests of the CVPR community.",1
An Examination of Expansive Multimodal Models: Insights from an Educational Over,EMNLP,"This paper contributes to EMNLP’s focus on advancing natural language processing through empirical research. By presenting new methodologies or improving state-of-the-art performance in tasks like text generation, sentiment analysis, or machine translation, the paper aligns closely with the conference’s goals. Its emphasis on data-driven approaches and deep learning techniques ensures relevance to the EMNLP audience, which values practical advancements in computational linguistics.",1
Acquiring the Ability to Recommend Interventions for Tuberculosis Treatment Through the Utilization of Digital Adherence Informa,KDD,"KDD’s mission of advancing knowledge discovery and data mining is supported by this paper, which presents innovative methods for analyzing large-scale datasets or extracting meaningful patterns. The work addresses core topics like clustering, anomaly detection, or predictive modeling while demonstrating significant real-world applications in domains such as healthcare, e-commerce, or social networks. This alignment ensures its relevance to the KDD community, which values impactful and applied research.",1
A Comprehensive Multimodal Dataset for Climate-Conscious Prediction of Crop Yi,CVPR,"This paper aligns with CVPRs mission of advancing research in computer vision through innovative methodologies and real-world applications. The papers contributions, which address challenges in image processing, object detection, and related machine learning techniques, are relevant to CVPR’s focus areas. By tackling problems central to autonomous systems, medical imaging, or augmented reality, this work provides valuable insights that align with the interests of the CVPR community.",1
Next-Generation Brain-Computer Interfaces for Assistive Devices: Unlocking New Frontiers in Human-Machine Symbi,NeurIPS,"NeurIPS is a leading venue for groundbreaking advancements in machine learning and artificial intelligence, and this paper directly contributes to its mission by presenting innovative techniques in neural networks, probabilistic models, or optimization. The research advances theoretical understanding and practical applications, addressing challenges in large-scale AI systems or interdisciplinary applications. The paper’s focus on improving model performance and scalability resonates strongly with the NeurIPS community.",1
Premature Termination Strategy for Deep Image P,CVPR,"This paper aligns with CVPRs mission of advancing research in computer vision through innovative methodologies and real-world applications. The papers contributions, which address challenges in image processing, object detection, and related machine learning techniques, are relevant to CVPR’s focus areas. By tackling problems central to autonomous systems, medical imaging, or augmented reality, this work provides valuable insights that align with the interests of the CVPR community.",1
Detecting and Summarizing Video Highlights with Lag-Calibra,CVPR,"This paper aligns with CVPRs mission of advancing research in computer vision through innovative methodologies and real-world applications. The papers contributions, which address challenges in image processing, object detection, and related machine learning techniques, are relevant to CVPR’s focus areas. By tackling problems central to autonomous systems, medical imaging, or augmented reality, this work provides valuable insights that align with the interests of the CVPR community.",1
LIDA: Lightweight Interactive Dialogue Annot,EMNLP,"This paper contributes to EMNLP’s focus on advancing natural language processing through empirical research. By presenting new methodologies or improving state-of-the-art performance in tasks like text generation, sentiment analysis, or machine translation, the paper aligns closely with the conference’s goals. Its emphasis on data-driven approaches and deep learning techniques ensures relevance to the EMNLP audience, which values practical advancements in computational linguistics.",1
Multimodal Deep Ensemble for Hateful Meme Identifica,EMNLP,"This paper contributes to EMNLP’s focus on advancing natural language processing through empirical research. By presenting new methodologies or improving state-of-the-art performance in tasks like text generation, sentiment analysis, or machine translation, the paper aligns closely with the conference’s goals. Its emphasis on data-driven approaches and deep learning techniques ensures relevance to the EMNLP audience, which values practical advancements in computational linguistics.",1
High-Throughput Genomic Sequencing in Marine Ecology: Unveiling the Mysteries of the Ocean’s Genetic Diver,,,0
A Toolkit for Scrutinizing Neural Network Activat,EMNLP,"This paper contributes to EMNLP’s focus on advancing natural language processing through empirical research. By presenting new methodologies or improving state-of-the-art performance in tasks like text generation, sentiment analysis, or machine translation, the paper aligns closely with the conference’s goals. Its emphasis on data-driven approaches and deep learning techniques ensures relevance to the EMNLP audience, which values practical advancements in computational linguistics.",1
Deconstructing Logic Circuits through Toaster Algorithms with a Focus on Inverted Submarine Naviga,KDD,"KDD’s mission of advancing knowledge discovery and data mining is supported by this paper, which presents innovative methods for analyzing large-scale datasets or extracting meaningful patterns. The work addresses core topics like clustering, anomaly detection, or predictive modeling while demonstrating significant real-world applications in domains such as healthcare, e-commerce, or social networks. This alignment ensures its relevance to the KDD community, which values impactful and applied research.",1
3D Food Modeling from Images: Advancements in Physically-Aware Reconstruc,CVPR,"This paper aligns with CVPRs mission of advancing research in computer vision through innovative methodologies and real-world applications. The papers contributions, which address challenges in image processing, object detection, and related machine learning techniques, are relevant to CVPR’s focus areas. By tackling problems central to autonomous systems, medical imaging, or augmented reality, this work provides valuable insights that align with the interests of the CVPR community.",1
BladeDISC++: Enhancing Memory Usage Through Symbolic Shape Anal,TMLR,"This paper supports TMLR’s mission of publishing rigorous theoretical research in machine learning. By contributing to foundational areas like optimization, generalization, or probabilistic methods, the work aligns with the conference’s focus on advancing the theoretical understanding of machine learning. Its emphasis on robust analysis and innovative frameworks ensures that it provides value to the TMLR audience, which prioritizes high-quality and impactful research.",1
Virus Propagation and their Far-Reaching Implications on Ancient Mesopotamian Architectural Des,,,0
Enhancing Visual Representation Learning Through Original Image Utilization in Contrastive Lear,CVPR,"This paper aligns with CVPRs mission of advancing research in computer vision through innovative methodologies and real-world applications. The papers contributions, which address challenges in image processing, object detection, and related machine learning techniques, are relevant to CVPR’s focus areas. By tackling problems central to autonomous systems, medical imaging, or augmented reality, this work provides valuable insights that align with the interests of the CVPR community.",1
Enhancing LSTM-based Video Narration Through Text-Derived Linguistic Insi,EMNLP,"This paper contributes to EMNLP’s focus on advancing natural language processing through empirical research. By presenting new methodologies or improving state-of-the-art performance in tasks like text generation, sentiment analysis, or machine translation, the paper aligns closely with the conference’s goals. Its emphasis on data-driven approaches and deep learning techniques ensures relevance to the EMNLP audience, which values practical advancements in computational linguistics.",1
Investigating the Nexus Between Protein Synthesis and Quasar Activity in relation to Baking the Perfect S,,,0
An Empathetic AI Painter: A System for Computational Creativity Through Embodied Conversational Interac,NeurIPS,"NeurIPS is a leading venue for groundbreaking advancements in machine learning and artificial intelligence, and this paper directly contributes to its mission by presenting innovative techniques in neural networks, probabilistic models, or optimization. The research advances theoretical understanding and practical applications, addressing challenges in large-scale AI systems or interdisciplinary applications. The paper’s focus on improving model performance and scalability resonates strongly with the NeurIPS community.",1
Leveraging Deep Learning for Enhanced Bayesian Optimization in Scientific Domains with Complex Struct,TMLR,"This paper supports TMLR’s mission of publishing rigorous theoretical research in machine learning. By contributing to foundational areas like optimization, generalization, or probabilistic methods, the work aligns with the conference’s focus on advancing the theoretical understanding of machine learning. Its emphasis on robust analysis and innovative frameworks ensures that it provides value to the TMLR audience, which prioritizes high-quality and impactful research.",1
End-to-End Neural Discourse Deixis Resolution in Dial,EMNLP,"This paper contributes to EMNLP’s focus on advancing natural language processing through empirical research. By presenting new methodologies or improving state-of-the-art performance in tasks like text generation, sentiment analysis, or machine translation, the paper aligns closely with the conference’s goals. Its emphasis on data-driven approaches and deep learning techniques ensures relevance to the EMNLP audience, which values practical advancements in computational linguistics.",1
Enhancing Disentanglement through Learned Aggregation of Convolutional Feature Maps: A Study on the 2019 Disentanglement Chall,EMNLP,"This paper contributes to EMNLP’s focus on advancing natural language processing through empirical research. By presenting new methodologies or improving state-of-the-art performance in tasks like text generation, sentiment analysis, or machine translation, the paper aligns closely with the conference’s goals. Its emphasis on data-driven approaches and deep learning techniques ensures relevance to the EMNLP audience, which values practical advancements in computational linguistics.",1
Enhanced Normalization in Vision Transformers: The Dual PatchNorm Appr,CVPR,"This paper aligns with CVPRs mission of advancing research in computer vision through innovative methodologies and real-world applications. The papers contributions, which address challenges in image processing, object detection, and related machine learning techniques, are relevant to CVPR’s focus areas. By tackling problems central to autonomous systems, medical imaging, or augmented reality, this work provides valuable insights that align with the interests of the CVPR community.",1
Fossilized Intricacies of Quasi-Organic Microstructures in Relation to Cake Dyna,,,0
Graph Neural Networks Without Training: Harnessing the Power of Labels as Input Feat,EMNLP,"This paper contributes to EMNLP’s focus on advancing natural language processing through empirical research. By presenting new methodologies or improving state-of-the-art performance in tasks like text generation, sentiment analysis, or machine translation, the paper aligns closely with the conference’s goals. Its emphasis on data-driven approaches and deep learning techniques ensures relevance to the EMNLP audience, which values practical advancements in computational linguistics.",1
Equivariant Adaptation of Large Pretrained Mo,CVPR,"This paper aligns with CVPRs mission of advancing research in computer vision through innovative methodologies and real-world applications. The papers contributions, which address challenges in image processing, object detection, and related machine learning techniques, are relevant to CVPR’s focus areas. By tackling problems central to autonomous systems, medical imaging, or augmented reality, this work provides valuable insights that align with the interests of the CVPR community.",1
A Unique Approach to Chain-of-Thought Promp,CVPR,"This paper aligns with CVPRs mission of advancing research in computer vision through innovative methodologies and real-world applications. The papers contributions, which address challenges in image processing, object detection, and related machine learning techniques, are relevant to CVPR’s focus areas. By tackling problems central to autonomous systems, medical imaging, or augmented reality, this work provides valuable insights that align with the interests of the CVPR community.",1
A 3D Convolutional Neural Network Approach for Sustainable Architectural Design through Computational Fluid Dynamics Simulation and Reverse Design Work,NeurIPS,"NeurIPS is a leading venue for groundbreaking advancements in machine learning and artificial intelligence, and this paper directly contributes to its mission by presenting innovative techniques in neural networks, probabilistic models, or optimization. The research advances theoretical understanding and practical applications, addressing challenges in large-scale AI systems or interdisciplinary applications. The paper’s focus on improving model performance and scalability resonates strongly with the NeurIPS community.",1
Assessing the Stability of Stable Diffusion in a Recursive Inpainting Scen,TMLR,"This paper supports TMLR’s mission of publishing rigorous theoretical research in machine learning. By contributing to foundational areas like optimization, generalization, or probabilistic methods, the work aligns with the conference’s focus on advancing the theoretical understanding of machine learning. Its emphasis on robust analysis and innovative frameworks ensures that it provides value to the TMLR audience, which prioritizes high-quality and impactful research.",1
Unraveling the Mysteries of Atomic Structures and their Implications on Galactic Rotation Cu,,,0
Fast Vocabulary Transfer for Language Model Compres,EMNLP,"This paper contributes to EMNLP’s focus on advancing natural language processing through empirical research. By presenting new methodologies or improving state-of-the-art performance in tasks like text generation, sentiment analysis, or machine translation, the paper aligns closely with the conference’s goals. Its emphasis on data-driven approaches and deep learning techniques ensures relevance to the EMNLP audience, which values practical advancements in computational linguistics.",1
Flow-Based Feature Fusion for Collaborative 3D Object Detec,CVPR,"This paper aligns with CVPRs mission of advancing research in computer vision through innovative methodologies and real-world applications. The papers contributions, which address challenges in image processing, object detection, and related machine learning techniques, are relevant to CVPR’s focus areas. By tackling problems central to autonomous systems, medical imaging, or augmented reality, this work provides valuable insights that align with the interests of the CVPR community.",1
Exploring Bioacoustic Soundscapes with Generative Adversarial Networks: Investigating Novel Audio Stimuli for Enhanced Engage,NeurIPS,"NeurIPS is a leading venue for groundbreaking advancements in machine learning and artificial intelligence, and this paper directly contributes to its mission by presenting innovative techniques in neural networks, probabilistic models, or optimization. The research advances theoretical understanding and practical applications, addressing challenges in large-scale AI systems or interdisciplinary applications. The paper’s focus on improving model performance and scalability resonates strongly with the NeurIPS community.",1
A Decentralized Local Stochastic Extragradient Approach for Variational Inequali,TMLR,"This paper supports TMLR’s mission of publishing rigorous theoretical research in machine learning. By contributing to foundational areas like optimization, generalization, or probabilistic methods, the work aligns with the conference’s focus on advancing the theoretical understanding of machine learning. Its emphasis on robust analysis and innovative frameworks ensures that it provides value to the TMLR audience, which prioritizes high-quality and impactful research.",1
emoji2vec: Learning Emoji Representations from their Descrip,EMNLP,"This paper contributes to EMNLP’s focus on advancing natural language processing through empirical research. By presenting new methodologies or improving state-of-the-art performance in tasks like text generation, sentiment analysis, or machine translation, the paper aligns closely with the conference’s goals. Its emphasis on data-driven approaches and deep learning techniques ensures relevance to the EMNLP audience, which values practical advancements in computational linguistics.",1
Sustainable Urban Transportation with Autonomous Vehicles: A Novel Approach to Redefining the Future of Mobi,NeurIPS,"NeurIPS is a leading venue for groundbreaking advancements in machine learning and artificial intelligence, and this paper directly contributes to its mission by presenting innovative techniques in neural networks, probabilistic models, or optimization. The research advances theoretical understanding and practical applications, addressing challenges in large-scale AI systems or interdisciplinary applications. The paper’s focus on improving model performance and scalability resonates strongly with the NeurIPS community.",1
AMR Parsing using Stack-L,EMNLP,"This paper contributes to EMNLP’s focus on advancing natural language processing through empirical research. By presenting new methodologies or improving state-of-the-art performance in tasks like text generation, sentiment analysis, or machine translation, the paper aligns closely with the conference’s goals. Its emphasis on data-driven approaches and deep learning techniques ensures relevance to the EMNLP audience, which values practical advancements in computational linguistics.",1
API with a Rich Linguistic Reso,EMNLP,"This paper contributes to EMNLP’s focus on advancing natural language processing through empirical research. By presenting new methodologies or improving state-of-the-art performance in tasks like text generation, sentiment analysis, or machine translation, the paper aligns closely with the conference’s goals. Its emphasis on data-driven approaches and deep learning techniques ensures relevance to the EMNLP audience, which values practical advancements in computational linguistics.",1
Leveraging Clustering Techniques for Enhanced Drone Monitoring and Position Estima,CVPR,"This paper aligns with CVPRs mission of advancing research in computer vision through innovative methodologies and real-world applications. The papers contributions, which address challenges in image processing, object detection, and related machine learning techniques, are relevant to CVPR’s focus areas. By tackling problems central to autonomous systems, medical imaging, or augmented reality, this work provides valuable insights that align with the interests of the CVPR community.",1
Distant Supervision from Disparate Sources for Low-Resource Part-of-Speech Tag,EMNLP,"This paper contributes to EMNLP’s focus on advancing natural language processing through empirical research. By presenting new methodologies or improving state-of-the-art performance in tasks like text generation, sentiment analysis, or machine translation, the paper aligns closely with the conference’s goals. Its emphasis on data-driven approaches and deep learning techniques ensures relevance to the EMNLP audience, which values practical advancements in computational linguistics.",1
Enhanced Vocabulary Handling in Recurrent Neural Networks Through Positional Enco,EMNLP,"This paper contributes to EMNLP’s focus on advancing natural language processing through empirical research. By presenting new methodologies or improving state-of-the-art performance in tasks like text generation, sentiment analysis, or machine translation, the paper aligns closely with the conference’s goals. Its emphasis on data-driven approaches and deep learning techniques ensures relevance to the EMNLP audience, which values practical advancements in computational linguistics.",1
Improving Random Forests through Random Split,TMLR,"This paper supports TMLR’s mission of publishing rigorous theoretical research in machine learning. By contributing to foundational areas like optimization, generalization, or probabilistic methods, the work aligns with the conference’s focus on advancing the theoretical understanding of machine learning. Its emphasis on robust analysis and innovative frameworks ensures that it provides value to the TMLR audience, which prioritizes high-quality and impactful research.",1
Privacy Evaluation in Tabular Synthetic Data: Current Approaches and Future Direct,KDD,"KDD’s mission of advancing knowledge discovery and data mining is supported by this paper, which presents innovative methods for analyzing large-scale datasets or extracting meaningful patterns. The work addresses core topics like clustering, anomaly detection, or predictive modeling while demonstrating significant real-world applications in domains such as healthcare, e-commerce, or social networks. This alignment ensures its relevance to the KDD community, which values impactful and applied research.",1
Multi-Agent Systems Control Using Graph Neural Networks with Model-Based Reinforcement Lear,NeurIPS,"NeurIPS is a leading venue for groundbreaking advancements in machine learning and artificial intelligence, and this paper directly contributes to its mission by presenting innovative techniques in neural networks, probabilistic models, or optimization. The research advances theoretical understanding and practical applications, addressing challenges in large-scale AI systems or interdisciplinary applications. The paper’s focus on improving model performance and scalability resonates strongly with the NeurIPS community.",1
Optimizing System Design Principles on Inverted Harmonica Tuning Frequen,,,0
A Bayesian Perspective on Cross-Cultural Morality: Investigating Astrobiological and Cognitive Dimens,,,0
Controlling False Discovery Rates in Detecting Heterogeneous Treatment Effects for Online Experim,KDD,"KDD’s mission of advancing knowledge discovery and data mining is supported by this paper, which presents innovative methods for analyzing large-scale datasets or extracting meaningful patterns. The work addresses core topics like clustering, anomaly detection, or predictive modeling while demonstrating significant real-world applications in domains such as healthcare, e-commerce, or social networks. This alignment ensures its relevance to the KDD community, which values impactful and applied research.",1
Large Vocabulary Handling in Recurrent Neural Networks Enhanced by Positional Enco,EMNLP,"This paper contributes to EMNLP’s focus on advancing natural language processing through empirical research. By presenting new methodologies or improving state-of-the-art performance in tasks like text generation, sentiment analysis, or machine translation, the paper aligns closely with the conference’s goals. Its emphasis on data-driven approaches and deep learning techniques ensures relevance to the EMNLP audience, which values practical advancements in computational linguistics.",1
Waves in Relation to Transdimensional Chocolate Reson,,,0
Joint Syntacto-Discourse Parsing and the Syntacto-Discourse Tree,EMNLP,"This paper contributes to EMNLP’s focus on advancing natural language processing through empirical research. By presenting new methodologies or improving state-of-the-art performance in tasks like text generation, sentiment analysis, or machine translation, the paper aligns closely with the conference’s goals. Its emphasis on data-driven approaches and deep learning techniques ensures relevance to the EMNLP audience, which values practical advancements in computational linguistics.",1
A Chinese Span-Extraction Dataset for Machine Reading Comprehen,EMNLP,"This paper contributes to EMNLP’s focus on advancing natural language processing through empirical research. By presenting new methodologies or improving state-of-the-art performance in tasks like text generation, sentiment analysis, or machine translation, the paper aligns closely with the conference’s goals. Its emphasis on data-driven approaches and deep learning techniques ensures relevance to the EMNLP audience, which values practical advancements in computational linguistics.",1
Progress Towards Eliciting Organized Phoneme Struct,EMNLP,"This paper contributes to EMNLP’s focus on advancing natural language processing through empirical research. By presenting new methodologies or improving state-of-the-art performance in tasks like text generation, sentiment analysis, or machine translation, the paper aligns closely with the conference’s goals. Its emphasis on data-driven approaches and deep learning techniques ensures relevance to the EMNLP audience, which values practical advancements in computational linguistics.",1
Learning Explanations from Language ,EMNLP,"This paper contributes to EMNLP’s focus on advancing natural language processing through empirical research. By presenting new methodologies or improving state-of-the-art performance in tasks like text generation, sentiment analysis, or machine translation, the paper aligns closely with the conference’s goals. Its emphasis on data-driven approaches and deep learning techniques ensures relevance to the EMNLP audience, which values practical advancements in computational linguistics.",1
Flexible Online Aggregations Using Basis Function Expans,TMLR,"This paper supports TMLR’s mission of publishing rigorous theoretical research in machine learning. By contributing to foundational areas like optimization, generalization, or probabilistic methods, the work aligns with the conference’s focus on advancing the theoretical understanding of machine learning. Its emphasis on robust analysis and innovative frameworks ensures that it provides value to the TMLR audience, which prioritizes high-quality and impactful research.",1
A Vehicle Motion Prediction Approach for the 2021 Shifts Chall,CVPR,"This paper aligns with CVPRs mission of advancing research in computer vision through innovative methodologies and real-world applications. The papers contributions, which address challenges in image processing, object detection, and related machine learning techniques, are relevant to CVPR’s focus areas. By tackling problems central to autonomous systems, medical imaging, or augmented reality, this work provides valuable insights that align with the interests of the CVPR community.",1
Collaborative Clothing Segmentation and Identification Through Image Anal,CVPR,"This paper aligns with CVPRs mission of advancing research in computer vision through innovative methodologies and real-world applications. The papers contributions, which address challenges in image processing, object detection, and related machine learning techniques, are relevant to CVPR’s focus areas. By tackling problems central to autonomous systems, medical imaging, or augmented reality, this work provides valuable insights that align with the interests of the CVPR community.",1
Representation Transferability in Neural Networks Across Datasets and T,EMNLP,"This paper contributes to EMNLP’s focus on advancing natural language processing through empirical research. By presenting new methodologies or improving state-of-the-art performance in tasks like text generation, sentiment analysis, or machine translation, the paper aligns closely with the conference’s goals. Its emphasis on data-driven approaches and deep learning techniques ensures relevance to the EMNLP audience, which values practical advancements in computational linguistics.",1
Discontinuous Constituent Parsing as Sequence Labe,EMNLP,"This paper contributes to EMNLP’s focus on advancing natural language processing through empirical research. By presenting new methodologies or improving state-of-the-art performance in tasks like text generation, sentiment analysis, or machine translation, the paper aligns closely with the conference’s goals. Its emphasis on data-driven approaches and deep learning techniques ensures relevance to the EMNLP audience, which values practical advancements in computational linguistics.",1
Harmonizing Scaling Laws: Bridging the Gap Between Kaplan and Chinch,EMNLP,"This paper contributes to EMNLP’s focus on advancing natural language processing through empirical research. By presenting new methodologies or improving state-of-the-art performance in tasks like text generation, sentiment analysis, or machine translation, the paper aligns closely with the conference’s goals. Its emphasis on data-driven approaches and deep learning techniques ensures relevance to the EMNLP audience, which values practical advancements in computational linguistics.",1
Applying Swarm Intelligence to Real-Time Stage Lighting: A Framework for Dynamic Audience Engage,,,0
JueWu-MC: Achieving Sample-Efficient Minecraft Gameplay through Hierarchical Reinforcement Lear,NeurIPS,"NeurIPS is a leading venue for groundbreaking advancements in machine learning and artificial intelligence, and this paper directly contributes to its mission by presenting innovative techniques in neural networks, probabilistic models, or optimization. The research advances theoretical understanding and practical applications, addressing challenges in large-scale AI systems or interdisciplinary applications. The paper’s focus on improving model performance and scalability resonates strongly with the NeurIPS community.",1
Subspace Constraint Method of Feature Trac,CVPR,"This paper aligns with CVPRs mission of advancing research in computer vision through innovative methodologies and real-world applications. The papers contributions, which address challenges in image processing, object detection, and related machine learning techniques, are relevant to CVPR’s focus areas. By tackling problems central to autonomous systems, medical imaging, or augmented reality, this work provides valuable insights that align with the interests of the CVPR community.",1
Precise Requirements for the Validity of the Neural Tangent Kernel Approxima,TMLR,"This paper supports TMLR’s mission of publishing rigorous theoretical research in machine learning. By contributing to foundational areas like optimization, generalization, or probabilistic methods, the work aligns with the conference’s focus on advancing the theoretical understanding of machine learning. Its emphasis on robust analysis and innovative frameworks ensures that it provides value to the TMLR audience, which prioritizes high-quality and impactful research.",1
Agriculture-Vision Challenge 2022 – The Runner-Up Solution for Agricultural Pattern Recognition via Transformer-based Mo,CVPR,"This paper aligns with CVPRs mission of advancing research in computer vision through innovative methodologies and real-world applications. The papers contributions, which address challenges in image processing, object detection, and related machine learning techniques, are relevant to CVPR’s focus areas. By tackling problems central to autonomous systems, medical imaging, or augmented reality, this work provides valuable insights that align with the interests of the CVPR community.",1
"BERT Pineapple Pizza, and the Theoretical Foundations of Disco Dance Moves in Relation to the Optimized Training of Neural Netw",EMNLP,"This paper contributes to EMNLP’s focus on advancing natural language processing through empirical research. By presenting new methodologies or improving state-of-the-art performance in tasks like text generation, sentiment analysis, or machine translation, the paper aligns closely with the conference’s goals. Its emphasis on data-driven approaches and deep learning techniques ensures relevance to the EMNLP audience, which values practical advancements in computational linguistics.",1
Assessing Virtual Artifact Discovery in Immersive Environments: Reinforcement Learning Frameworks for Cultural Data Anal,,,0
Real-Time Adaptation of Lexical Embeddings for Enhanced Part-of-Speech Tag,EMNLP,"This paper contributes to EMNLP’s focus on advancing natural language processing through empirical research. By presenting new methodologies or improving state-of-the-art performance in tasks like text generation, sentiment analysis, or machine translation, the paper aligns closely with the conference’s goals. Its emphasis on data-driven approaches and deep learning techniques ensures relevance to the EMNLP audience, which values practical advancements in computational linguistics.",1
Neural Approaches to Real-Time Weather Forecasting: Unlocking the Potential of Artificial Intelligence in Meteoro,NeurIPS,"NeurIPS is a leading venue for groundbreaking advancements in machine learning and artificial intelligence, and this paper directly contributes to its mission by presenting innovative techniques in neural networks, probabilistic models, or optimization. The research advances theoretical understanding and practical applications, addressing challenges in large-scale AI systems or interdisciplinary applications. The paper’s focus on improving model performance and scalability resonates strongly with the NeurIPS community.",1
OpenOmni: An Open-Source Multimodal Sys,CVPR,"This paper aligns with CVPRs mission of advancing research in computer vision through innovative methodologies and real-world applications. The papers contributions, which address challenges in image processing, object detection, and related machine learning techniques, are relevant to CVPR’s focus areas. By tackling problems central to autonomous systems, medical imaging, or augmented reality, this work provides valuable insights that align with the interests of the CVPR community.",1
Deep Learning for 3D Protein Structure Prediction in Drug Discovery: A Novel Approach to Revolutionizing Therapeutic agent Develop,NeurIPS,"NeurIPS is a leading venue for groundbreaking advancements in machine learning and artificial intelligence, and this paper directly contributes to its mission by presenting innovative techniques in neural networks, probabilistic models, or optimization. The research advances theoretical understanding and practical applications, addressing challenges in large-scale AI systems or interdisciplinary applications. The paper’s focus on improving model performance and scalability resonates strongly with the NeurIPS community.",1
Rapid Image Annotation Through Zero-Shot Lear,CVPR,"This paper aligns with CVPRs mission of advancing research in computer vision through innovative methodologies and real-world applications. The papers contributions, which address challenges in image processing, object detection, and related machine learning techniques, are relevant to CVPR’s focus areas. By tackling problems central to autonomous systems, medical imaging, or augmented reality, this work provides valuable insights that align with the interests of the CVPR community.",1
Equivariant Fine-Tuning of Large Pretrained Mo,TMLR,"This paper supports TMLR’s mission of publishing rigorous theoretical research in machine learning. By contributing to foundational areas like optimization, generalization, or probabilistic methods, the work aligns with the conference’s focus on advancing the theoretical understanding of machine learning. Its emphasis on robust analysis and innovative frameworks ensures that it provides value to the TMLR audience, which prioritizes high-quality and impactful research.",1
Blockchain-Based Carbon Trading Platforms: A Novel Approach to Mitigating Climate Ch,NeurIPS,"NeurIPS is a leading venue for groundbreaking advancements in machine learning and artificial intelligence, and this paper directly contributes to its mission by presenting innovative techniques in neural networks, probabilistic models, or optimization. The research advances theoretical understanding and practical applications, addressing challenges in large-scale AI systems or interdisciplinary applications. The paper’s focus on improving model performance and scalability resonates strongly with the NeurIPS community.",1
Predictive Maintenance in Smart Grids Using Time-Series Analysis: A Multidisciplinary Approach to Enhance Grid Reliabi,,,0
DISCOSENSE: Commonsense Reasoning with Discourse Connect,EMNLP,"This paper contributes to EMNLP’s focus on advancing natural language processing through empirical research. By presenting new methodologies or improving state-of-the-art performance in tasks like text generation, sentiment analysis, or machine translation, the paper aligns closely with the conference’s goals. Its emphasis on data-driven approaches and deep learning techniques ensures relevance to the EMNLP audience, which values practical advancements in computational linguistics.",1
Usefulness of LLMs as an Author Checklist Assistant for Scientific Papers: Experi,EMNLP,"This paper contributes to EMNLP’s focus on advancing natural language processing through empirical research. By presenting new methodologies or improving state-of-the-art performance in tasks like text generation, sentiment analysis, or machine translation, the paper aligns closely with the conference’s goals. Its emphasis on data-driven approaches and deep learning techniques ensures relevance to the EMNLP audience, which values practical advancements in computational linguistics.",1
Scene Comprehension Through Image Analysis with an Extensive Array of Categories and Context at the Scene L,CVPR,"This paper aligns with CVPRs mission of advancing research in computer vision through innovative methodologies and real-world applications. The papers contributions, which address challenges in image processing, object detection, and related machine learning techniques, are relevant to CVPR’s focus areas. By tackling problems central to autonomous systems, medical imaging, or augmented reality, this work provides valuable insights that align with the interests of the CVPR community.",1
Explainable Identification of Hate Speech towards Islam using Graph Neural Netw,EMNLP,"This paper contributes to EMNLP’s focus on advancing natural language processing through empirical research. By presenting new methodologies or improving state-of-the-art performance in tasks like text generation, sentiment analysis, or machine translation, the paper aligns closely with the conference’s goals. Its emphasis on data-driven approaches and deep learning techniques ensures relevance to the EMNLP audience, which values practical advancements in computational linguistics.",1
An Investigation into Named Entity Recognition for Call Center Transcripts to Ensure Privacy Law Compli,EMNLP,"This paper contributes to EMNLP’s focus on advancing natural language processing through empirical research. By presenting new methodologies or improving state-of-the-art performance in tasks like text generation, sentiment analysis, or machine translation, the paper aligns closely with the conference’s goals. Its emphasis on data-driven approaches and deep learning techniques ensures relevance to the EMNLP audience, which values practical advancements in computational linguistics.",1
A Collaborative Painting Experience: Human-Machine Interaction on Ca,NeurIPS,"NeurIPS is a leading venue for groundbreaking advancements in machine learning and artificial intelligence, and this paper directly contributes to its mission by presenting innovative techniques in neural networks, probabilistic models, or optimization. The research advances theoretical understanding and practical applications, addressing challenges in large-scale AI systems or interdisciplinary applications. The paper’s focus on improving model performance and scalability resonates strongly with the NeurIPS community.",1
Examining Machine Learning’s Impact on Personal Pri,TMLR,"This paper supports TMLR’s mission of publishing rigorous theoretical research in machine learning. By contributing to foundational areas like optimization, generalization, or probabilistic methods, the work aligns with the conference’s focus on advancing the theoretical understanding of machine learning. Its emphasis on robust analysis and innovative frameworks ensures that it provides value to the TMLR audience, which prioritizes high-quality and impactful research.",1
Learning Genomic Sequence Representations using Graph Neural Networks over De Bruijn Gr,EMNLP,"This paper contributes to EMNLP’s focus on advancing natural language processing through empirical research. By presenting new methodologies or improving state-of-the-art performance in tasks like text generation, sentiment analysis, or machine translation, the paper aligns closely with the conference’s goals. Its emphasis on data-driven approaches and deep learning techniques ensures relevance to the EMNLP audience, which values practical advancements in computational linguistics.",1
Unraveling the Enigmatic Parallels Between DNA Helical Structures and the Sonic Resonance of Kazoo Instruments in relation to Light Emission Patt,,,0
Symbiotic Adversarial Robustness for Graph Neural Networks: Combining Poisoning and Eva,NeurIPS,"NeurIPS is a leading venue for groundbreaking advancements in machine learning and artificial intelligence, and this paper directly contributes to its mission by presenting innovative techniques in neural networks, probabilistic models, or optimization. The research advances theoretical understanding and practical applications, addressing challenges in large-scale AI systems or interdisciplinary applications. The paper’s focus on improving model performance and scalability resonates strongly with the NeurIPS community.",1
Enhanced Reinforcement Learning for Recommender Systems: Maximizing Sample Efficiency and Minimizing Vari,NeurIPS,"NeurIPS is a leading venue for groundbreaking advancements in machine learning and artificial intelligence, and this paper directly contributes to its mission by presenting innovative techniques in neural networks, probabilistic models, or optimization. The research advances theoretical understanding and practical applications, addressing challenges in large-scale AI systems or interdisciplinary applications. The paper’s focus on improving model performance and scalability resonates strongly with the NeurIPS community.",1
Evaluating the Resilience of White-Box Defenses Against Adversarial Exam,NeurIPS,"NeurIPS is a leading venue for groundbreaking advancements in machine learning and artificial intelligence, and this paper directly contributes to its mission by presenting innovative techniques in neural networks, probabilistic models, or optimization. The research advances theoretical understanding and practical applications, addressing challenges in large-scale AI systems or interdisciplinary applications. The paper’s focus on improving model performance and scalability resonates strongly with the NeurIPS community.",1
Game-Theoretic Optimization for Crowdsourced Delivery Networks: A Novel Approach to Harnessing the Power of the Crowd in Last-Mile Logis,NeurIPS,"NeurIPS is a leading venue for groundbreaking advancements in machine learning and artificial intelligence, and this paper directly contributes to its mission by presenting innovative techniques in neural networks, probabilistic models, or optimization. The research advances theoretical understanding and practical applications, addressing challenges in large-scale AI systems or interdisciplinary applications. The paper’s focus on improving model performance and scalability resonates strongly with the NeurIPS community.",1
Enhancing Deep Reinforcement Learning with Plasticity Mechan,NeurIPS,"NeurIPS is a leading venue for groundbreaking advancements in machine learning and artificial intelligence, and this paper directly contributes to its mission by presenting innovative techniques in neural networks, probabilistic models, or optimization. The research advances theoretical understanding and practical applications, addressing challenges in large-scale AI systems or interdisciplinary applications. The paper’s focus on improving model performance and scalability resonates strongly with the NeurIPS community.",1
Exploring the Interconnectedness of Oxygen and the Culinary Arts of 19th Century Fr,EMNLP,"This paper contributes to EMNLP’s focus on advancing natural language processing through empirical research. By presenting new methodologies or improving state-of-the-art performance in tasks like text generation, sentiment analysis, or machine translation, the paper aligns closely with the conference’s goals. Its emphasis on data-driven approaches and deep learning techniques ensures relevance to the EMNLP audience, which values practical advancements in computational linguistics.",1
Overview of Challenges in Trajectory Forecasting and 3D Perception for Autonomous Dri,CVPR,"This paper aligns with CVPRs mission of advancing research in computer vision through innovative methodologies and real-world applications. The papers contributions, which address challenges in image processing, object detection, and related machine learning techniques, are relevant to CVPR’s focus areas. By tackling problems central to autonomous systems, medical imaging, or augmented reality, this work provides valuable insights that align with the interests of the CVPR community.",1
Explainable Reinforcement Learning for Financial Market Simulation: Unveiling the Mysteries of Adaptive Trading Agents in a Simulated Eco,NeurIPS,"NeurIPS is a leading venue for groundbreaking advancements in machine learning and artificial intelligence, and this paper directly contributes to its mission by presenting innovative techniques in neural networks, probabilistic models, or optimization. The research advances theoretical understanding and practical applications, addressing challenges in large-scale AI systems or interdisciplinary applications. The paper’s focus on improving model performance and scalability resonates strongly with the NeurIPS community.",1
Acquiring Cross-Domain Representations for Contextual Detection Using Extensive Emoji ,EMNLP,"This paper contributes to EMNLP’s focus on advancing natural language processing through empirical research. By presenting new methodologies or improving state-of-the-art performance in tasks like text generation, sentiment analysis, or machine translation, the paper aligns closely with the conference’s goals. Its emphasis on data-driven approaches and deep learning techniques ensures relevance to the EMNLP audience, which values practical advancements in computational linguistics.",1
Analyzing Groups of Neurons in Neural Networks: Comparing Information from Input and Output Perspect,TMLR,"This paper supports TMLR’s mission of publishing rigorous theoretical research in machine learning. By contributing to foundational areas like optimization, generalization, or probabilistic methods, the work aligns with the conference’s focus on advancing the theoretical understanding of machine learning. Its emphasis on robust analysis and innovative frameworks ensures that it provides value to the TMLR audience, which prioritizes high-quality and impactful research.",1
A Convolutional LSTM Network Approach for Identifying Diseases in Medical Volumetric Images with Limited Annotat,EMNLP,"This paper contributes to EMNLP’s focus on advancing natural language processing through empirical research. By presenting new methodologies or improving state-of-the-art performance in tasks like text generation, sentiment analysis, or machine translation, the paper aligns closely with the conference’s goals. Its emphasis on data-driven approaches and deep learning techniques ensures relevance to the EMNLP audience, which values practical advancements in computational linguistics.",1
Do You See What I Mean? Visual Resolution of Linguistic Ambigui,EMNLP,"This paper contributes to EMNLP’s focus on advancing natural language processing through empirical research. By presenting new methodologies or improving state-of-the-art performance in tasks like text generation, sentiment analysis, or machine translation, the paper aligns closely with the conference’s goals. Its emphasis on data-driven approaches and deep learning techniques ensures relevance to the EMNLP audience, which values practical advancements in computational linguistics.",1
Examining the Initial Experiences of Researchers When Articulating Broader Im,NeurIPS,"NeurIPS is a leading venue for groundbreaking advancements in machine learning and artificial intelligence, and this paper directly contributes to its mission by presenting innovative techniques in neural networks, probabilistic models, or optimization. The research advances theoretical understanding and practical applications, addressing challenges in large-scale AI systems or interdisciplinary applications. The paper’s focus on improving model performance and scalability resonates strongly with the NeurIPS community.",1
OmniPrint: A Configurable Generator for Printed Charac,EMNLP,"This paper contributes to EMNLP’s focus on advancing natural language processing through empirical research. By presenting new methodologies or improving state-of-the-art performance in tasks like text generation, sentiment analysis, or machine translation, the paper aligns closely with the conference’s goals. Its emphasis on data-driven approaches and deep learning techniques ensures relevance to the EMNLP audience, which values practical advancements in computational linguistics.",1
A Large-Scale Car Dataset for Fine-Grained Categorization and Verifica,CVPR,"This paper aligns with CVPRs mission of advancing research in computer vision through innovative methodologies and real-world applications. The papers contributions, which address challenges in image processing, object detection, and related machine learning techniques, are relevant to CVPR’s focus areas. By tackling problems central to autonomous systems, medical imaging, or augmented reality, this work provides valuable insights that align with the interests of the CVPR community.",1
Optimized Transfer Learning with Equivariant Pretrained Mo,EMNLP,"This paper contributes to EMNLP’s focus on advancing natural language processing through empirical research. By presenting new methodologies or improving state-of-the-art performance in tasks like text generation, sentiment analysis, or machine translation, the paper aligns closely with the conference’s goals. Its emphasis on data-driven approaches and deep learning techniques ensures relevance to the EMNLP audience, which values practical advancements in computational linguistics.",1
"Investigating the Intersection of LLM, Quasar Radiation, and the Mating Habits of the Greenland Shark on Sentiment Anal",,,0
Turning the Tables: Exploring Subtle Vulnerabilities in Machine Learning M,TMLR,"This paper supports TMLR’s mission of publishing rigorous theoretical research in machine learning. By contributing to foundational areas like optimization, generalization, or probabilistic methods, the work aligns with the conference’s focus on advancing the theoretical understanding of machine learning. Its emphasis on robust analysis and innovative frameworks ensures that it provides value to the TMLR audience, which prioritizes high-quality and impactful research.",1
"Investigating the Intersection of LLM, Quasar Radiation, and the Mating Habits of the Greenland Shark on Sentiment Anal",,,0
Short-Term Forecasting of Precipitation Using Satellite ,TMLR,"This paper supports TMLR’s mission of publishing rigorous theoretical research in machine learning. By contributing to foundational areas like optimization, generalization, or probabilistic methods, the work aligns with the conference’s focus on advancing the theoretical understanding of machine learning. Its emphasis on robust analysis and innovative frameworks ensures that it provides value to the TMLR audience, which prioritizes high-quality and impactful research.",1
Specialized Neural Network for Extracting Financial Trading Signals: The Alpha Discovery Neural Net,EMNLP,"This paper contributes to EMNLP’s focus on advancing natural language processing through empirical research. By presenting new methodologies or improving state-of-the-art performance in tasks like text generation, sentiment analysis, or machine translation, the paper aligns closely with the conference’s goals. Its emphasis on data-driven approaches and deep learning techniques ensures relevance to the EMNLP audience, which values practical advancements in computational linguistics.",1
Xray Emissions and their Consequential Effects on Croissant Pastry Dough Fermentation Dyna,,,0
Exploring Soil Dynamics through a Multidisciplinary Lens of Quantum Fluctuations on Mars Colonization Eff,,,0
Background Modeling Using Adaptive Pixelwise Kernel Variances in a Hybrid Feature S,CVPR,"This paper aligns with CVPRs mission of advancing research in computer vision through innovative methodologies and real-world applications. The papers contributions, which address challenges in image processing, object detection, and related machine learning techniques, are relevant to CVPR’s focus areas. By tackling problems central to autonomous systems, medical imaging, or augmented reality, this work provides valuable insights that align with the interests of the CVPR community.",1
Volcanic Eruptions in Relation to Quiche Recipes and the Migration Patterns of Narw,,,0
Exploring the Transcendental Nexus of Water and Quasars in a Post-Modern Para,,,0
GPT4Tools: Reimagining LLMs as Hel,NeurIPS,"NeurIPS is a leading venue for groundbreaking advancements in machine learning and artificial intelligence, and this paper directly contributes to its mission by presenting innovative techniques in neural networks, probabilistic models, or optimization. The research advances theoretical understanding and practical applications, addressing challenges in large-scale AI systems or interdisciplinary applications. The paper’s focus on improving model performance and scalability resonates strongly with the NeurIPS community.",1
Estimating Causal Effects Using a Cross-Moment Me,TMLR,"This paper supports TMLR’s mission of publishing rigorous theoretical research in machine learning. By contributing to foundational areas like optimization, generalization, or probabilistic methods, the work aligns with the conference’s focus on advancing the theoretical understanding of machine learning. Its emphasis on robust analysis and innovative frameworks ensures that it provides value to the TMLR audience, which prioritizes high-quality and impactful research.",1
Enhancing Urban Crop Cultivation Using Drone-Based Swarm Strategies: A Sociobiological Approach to Automated Pollina,NeurIPS,"NeurIPS is a leading venue for groundbreaking advancements in machine learning and artificial intelligence, and this paper directly contributes to its mission by presenting innovative techniques in neural networks, probabilistic models, or optimization. The research advances theoretical understanding and practical applications, addressing challenges in large-scale AI systems or interdisciplinary applications. The paper’s focus on improving model performance and scalability resonates strongly with the NeurIPS community.",1
AM-RADIO: Agglomerative Vision Foundation Model Reduce All Domains Into,CVPR,"This paper aligns with CVPRs mission of advancing research in computer vision through innovative methodologies and real-world applications. The papers contributions, which address challenges in image processing, object detection, and related machine learning techniques, are relevant to CVPR’s focus areas. By tackling problems central to autonomous systems, medical imaging, or augmented reality, this work provides valuable insights that align with the interests of the CVPR community.",1
Enhancing Self-Consistency and Performance of Pre-Trained Language Models through Natural Language Infer,EMNLP,"This paper contributes to EMNLP’s focus on advancing natural language processing through empirical research. By presenting new methodologies or improving state-of-the-art performance in tasks like text generation, sentiment analysis, or machine translation, the paper aligns closely with the conference’s goals. Its emphasis on data-driven approaches and deep learning techniques ensures relevance to the EMNLP audience, which values practical advancements in computational linguistics.",1
DeepSim: A Semantic Approach to Image Registration Evalua,CVPR,"This paper aligns with CVPRs mission of advancing research in computer vision through innovative methodologies and real-world applications. The papers contributions, which address challenges in image processing, object detection, and related machine learning techniques, are relevant to CVPR’s focus areas. By tackling problems central to autonomous systems, medical imaging, or augmented reality, this work provides valuable insights that align with the interests of the CVPR community.",1
Equivariant Adaptation of Large Pretrained Models: A Study on the NLC2CMD Competi,TMLR,"This paper supports TMLR’s mission of publishing rigorous theoretical research in machine learning. By contributing to foundational areas like optimization, generalization, or probabilistic methods, the work aligns with the conference’s focus on advancing the theoretical understanding of machine learning. Its emphasis on robust analysis and innovative frameworks ensures that it provides value to the TMLR audience, which prioritizes high-quality and impactful research.",1
